id,real_monthly_payment,monthly_difference,difference_surplus,class,total_credits,delinquency_accounts,current_accounts,current_accounts_percentage,delinquency_accounts_percentage,worst_delinquency,worst_delinquency_past_due_balance,credit_limit,maximum_number_of_credit_payments
0,96773,3117600,3020827,1,30,7,23,76.66666667,23.33333333,4,4342,513069,1000
1,4927,65208,60281,0,8,5,3,37.5,62.5,73,20414,247552,360
2,6736,64960,58224,0,8,2,6,75,25,2,408,1475,20
3,15082,-60808,-75890,1,2,0,2,100,0,0,0,25000,36
4,0,68430,68430,1,6,0,6,100,0,0,0,48000,0
5,39135,-86258,-125393,0,17,5,12,70.58823529,29.41176471,84,8263,141384,360
6,21688,52608,30920,1,16,0,16,100,0,0,0,72000,48
7,240096,-420178,-660274,1,11,1,10,90.90909091,9.090909091,8,3165,215705,60
8,10990,143370,132380,0,5,4,1,20,80,14,5827,7203,12
9,51873,-40950530,-41002403,0,10,4,6,60,40,13,12473,15906,18
10,14493,-937424,-951917,1,16,1,15,93.75,6.25,13,2523,356115,30
11,31379,-857230,-888609,1,11,0,11,100,0,0,0,216600,120
12,138,179829,179691,1,9,1,8,88.88888889,11.11111111,1,110,19000,13
13,29197,-1020864,-1050061,1,26,1,25,96.15384615,3.846153846,1,1092,184165,360
14,105600,983336,877736,0,8,1,7,87.5,12.5,13,37537,39900,90
15,13251,-4004,-17255,0,7,4,3,42.85714286,57.14285714,13,12447,10000,12
16,0,-2931,-2931,0,3,2,1,33.33333333,66.66666667,52,7128,10000,0
17,183533,22633,-160900,0,13,1,12,92.30769231,7.692307692,2,702,39000,59
18,102956,-3864,-106820,0,14,0,14,100,0,0,0,354721,360
19,16616,158060,141444,0,14,4,10,71.42857143,28.57142857,13,4334,50000,36
20,32982,-1397160,-1430142,0,6,3,3,50,50,13,20272,20272,1
21,16602,-234233,-250835,1,41,14,27,65.85365854,34.14634146,7,4141,20077,17.5
22,1907,-189636,-191543,1,12,3,9,75,25,13,1100,175920,48
23,134573,941304,806731,0,28,13,15,53.57142857,46.42857143,84,21849,23200,120
24,1863,1350518,1348655,1,26,1,25,96.15384615,3.846153846,13,1700,150000,900
25,4878,-67880,-72758,1,1,0,1,100,0,0,0,210000,60
26,13223,-33318,-46541,1,1,0,1,100,0,0,0,0,48
27,20024,2201720,2181696,1,38,2,36,94.73684211,5.263157895,1,649,82367,48
28,197,66250,66053,0,1,0,1,100,0,0,0,100,0
29,173,65634,65461,1,3,0,3,100,0,0,0,25000,0
30,91184,-57720,-148904,0,8,3,5,62.5,37.5,2,26385,95700,24
31,0,21216,21216,1,17,2,15,88.23529412,11.76470588,2,10276,254267,48
32,44324,-4681290,-4725614,1,51,10,41,80.39215686,19.60784314,57,6714,97592,24
33,16342,-209570,-225912,1,5,2,3,60,40,3,4018,201276,36
34,114721,-40770,-155491,0,15,6,9,60,40,13,66275,25800,90
35,1250,-92851,-94101,1,23,2,21,91.30434783,8.695652174,5,1100,317235,36
36,0,-1460,-1460,1,1,0,1,100,0,0,0,0,60
37,7736,126117,118381,1,9,1,8,88.88888889,11.11111111,1,576,256089,360
38,145211.5,-119160,-264371.5,1,18,2,16,88.88888889,11.11111111,11,12144,295519,360
39,29284,-13542,-42826,1,6,0,6,100,0,0,0,20000,0
40,13744,-718065,-731809,1,15,2,13,86.66666667,13.33333333,13,0,321281,150
41,223172,128358,-94814,0,18,8,10,55.55555556,44.44444444,13,220798,4451,37
42,52891,639,-52252,0,9,6,3,33.33333333,66.66666667,84,8410,21609,48
43,2445,188220,185775,1,15,1,14,93.33333333,6.666666667,1,924,145000,36
44,153026,309024,155998,0,37,16,21,56.75675676,43.24324324,8,3184,48500,48
45,69853,-836517,-906370,1,33,3,30,90.90909091,9.090909091,2,1337,28065,36
46,264746,-280757,-545503,0,223,19,204,91.47982063,8.520179372,84,54243,21609,54
47,145857,10588158,10442301,1,18,0,18,100,0,0,0,166727,360
48,32236,171912,139676,1,39,0,39,100,0,0,0,165270,360
49,2753,888701,885948,1,1,0,1,100,0,0,0,54050,0
50,29097,-1624205,-1653302,0,55,2,53,96.36363636,3.636363636,63,9649,0,25.5
51,6852,105365,98513,1,5,0,5,100,0,0,0,70000,0
52,133967,-144,-134111,0,8,4,4,50,50,84,47956,47956,120
53,1137,-833247,-834384,1,9,1,8,88.88888889,11.11111111,4,697,212720,53
54,7256,71588,64332,1,11,1,10,90.90909091,9.090909091,1,400,153308,360
55,1588,28251,26663,0,3,2,1,33.33333333,66.66666667,13,3440,20000,12
56,42964,-830664,-873628,0,72,14,58,80.55555556,19.44444444,13,5058,66000,18
57,6482,-332676,-339158,1,6,0,6,100,0,0,0,147600,36
58,8768,-172128,-180896,1,11,0,11,100,0,0,0,26000,60
59,4135,-308406,-312541,1,14,1,13,92.85714286,7.142857143,1,1469,30067,12
60,6048,-840,-6888,1,2,0,2,100,0,0,0,173343,60
61,21460,109584,88124,0,16,4,12,75,25,13,5958,767600,24
62,7372,-289600,-296972,1,10,0,10,100,0,0,0,165343,48
63,24116,7843,-16273,0,11,5,6,54.54545455,45.45454545,41,172465,173190,60
64,14018,190890,176872,1,9,0,9,100,0,0,0,52000,36
65,56448,1681900,1625452,0,10,2,8,80,20,13,5385,214866,48
66,26902,-39258,-66160,0,18,3,15,83.33333333,16.66666667,15,3489,25004,13
67,9789,-121231,-131020,1,11,0,11,100,0,0,0,148862,120
68,25095,130020,104925,0,22,6,16,72.72727273,27.27272727,13,21130,10000,25.5
69,31111,211554,180443,0,46,8,38,82.60869565,17.39130435,7,6170,13659,16.25
70,11841,-217008,-228849,1,8,0,8,100,0,0,0,30200,12
71,210754,46087,-164667,0,17,2,15,88.23529412,11.76470588,13,163716,214233,132
72,39893,257268,217375,1,12,0,12,100,0,0,0,66900,59.5
73,6886,-26103,-32989,1,21,5,16,76.19047619,23.80952381,1,1348,233734,360
74,45473,1126048,1080575,0,22,9,13,59.09090909,40.90909091,26,10220,20074,20
75,37870,-13782,-51652,0,6,1,5,83.33333333,16.66666667,13,13839,10192,1
76,17836,-100342,-118178,0,22,5,17,77.27272727,22.72727273,7,5447,82000,36
77,9793,-251950,-261743,1,10,0,10,100,0,0,0,142814,24
78,14175,-34842,-49017,0,6,3,3,50,50,13,15576,21609,36
79,49663,67844,18181,0,14,2,12,85.71428571,14.28571429,84,5085,21609,36
80,5061,-871750,-876811,0,25,2,23,92,8,11,4830,192682,60
81,40868,4287200,4246332,1,46,0,46,100,0,0,0,625837,1000
82,19272,-90458,-109730,0,31,4,27,87.09677419,12.90322581,13,14115,153754,36
83,6544,-102702,-109246,1,6,0,6,100,0,0,0,389372,72
84,11080,-1045,-12125,0,5,4,1,20,80,13,11080,11080,1
85,600,-3569918,-3570518,1,22,5,17,77.27272727,22.72727273,6,13770,17600,18
86,11881,-67925,-79806,1,11,0,11,100,0,0,0,211680,48
87,47528,2278876,2231348,1,262,6,256,97.70992366,2.290076336,1,2684,93301,36
88,17133,-103725,-120858,1,15,1,14,93.33333333,6.666666667,13,9448,171911,360
89,32333,14416,-17917,1,17,1,16,94.11764706,5.882352941,1,1372,146000,36
90,21452,883728,862276,1,17,2,15,88.23529412,11.76470588,2,4371,38999,60
91,49960,-344230,-394190,1,10,3,7,70,30,13,39810,199892,360
92,50548,4202,-46346,0,2,1,1,50,50,84,12637,7500,0
93,10593,-38496,-49089,0,16,5,11,68.75,31.25,6,1287,228898,360
94,193,154080,153887,1,8,0,8,100,0,0,0,50000,120
95,24504,-603152,-627656,1,16,0,16,100,0,0,0,400000,90
97,12044,3264219,3252175,0,27,18,9,33.33333333,66.66666667,7,2246,49613,24
98,15917,-1380925,-1396842,1,25,1,24,96,4,1,2640,377000,36
99,0,-9873,-9873,0,3,0,3,100,0,0,0,4000,0
100,37530,745745,708215,0,13,4,9,69.23076923,30.76923077,20,11407,10008,19.5
101,14900,-11820,-26720,0,6,1,5,83.33333333,16.66666667,13,13953,20000,0
102,56617,-42834,-99451,0,6,5,1,16.66666667,83.33333333,84,17988,17988,18
103,21361,355412876,355391515,1,91,1,90,98.9010989,1.098901099,9,8155,370000,360
104,25978,196248,170270,0,24,5,19,79.16666667,20.83333333,13,10626,21609,12
105,10235,476,-9759,0,2,0,2,100,0,0,0,0,1
106,1369,-2318,-3687,1,19,1,18,94.73684211,5.263157895,11,2240,100000,36
107,3691,-147992,-151683,1,4,0,4,100,0,0,0,280729,72
108,0,159348,159348,1,7,0,7,100,0,0,0,5357,1
109,1159,189688,188529,1,4,0,4,100,0,0,0,49000,1
110,18557,-33180,-51737,0,7,2,5,71.42857143,28.57142857,13,9127,14406,18
111,23636.66667,1993572,1969935.333,0,18,3,15,83.33333333,16.66666667,1,2898,500000,6.5
112,15790,8844,-6946,1,22,2,20,90.90909091,9.090909091,1,1711,97000,60
113,103398,84861,-18537,1,21,1,20,95.23809524,4.761904762,13,10220,20000,36
114,4273,-10100,-14373,0,5,0,5,100,0,0,0,7000,900
115,28742,99088,70346,0,22,6,16,72.72727273,27.27272727,9,6645,20000,37
116,340042,69060,-270982,0,20,5,15,75,25,13,11113,315604,360
117,26553,-250736,-277289,1,16,5,11,68.75,31.25,35,13138,203578,360
118,823242,-252630,-1075872,1,7,1,6,85.71428571,14.28571429,1,2663,36000,36
119,21864,2983,-18881,0,19,0,19,100,0,0,0,71624,360
120,195838,5512,-190326,0,13,3,10,76.92307692,23.07692308,84,1509,50001,13
121,5550,-36048,-41598,1,48,0,48,100,0,0,0,130000,900
122,75336,-1817895,-1893231,1,51,29,22,43.1372549,56.8627451,13,13255,127965,360
123,25920,2841328,2815408,1,14,0,14,100,0,0,0,12087,30
124,1102,-664930,-666032,1,10,1,9,90,10,1,1,77000,1
125,18916,-611184,-630100,1,51,19,32,62.74509804,37.25490196,6,402,357018,1000
126,39408,-1940687,-1980095,1,59,7,52,88.13559322,11.86440678,8,688,424625,48
127,1502,777156,775654,0,4,2,2,50,50,31,4801,2760,24
128,96904,-192570,-289474,1,5,0,5,100,0,0,0,75000,1
129,23273,1844220,1820947,1,30,5,25,83.33333333,16.66666667,9,1342,856000,90
130,3084575,-967842,-4052417,0,54,10,44,81.48148148,18.51851852,13,258801,350400,119
131,11415,-25279,-36694,1,17,7,10,58.82352941,41.17647059,1,1485,115405,360
132,324541,-243312,-567853,1,16,2,14,87.5,12.5,1,211,350000,72
133,4898,-147352,-152250,1,8,0,8,100,0,0,0,20900,48
134,173830,-22673,-196503,0,7,4,3,42.85714286,57.14285714,13,90813,90813,36
135,3265,-17112,-20377,0,4,2,2,50,50,13,552,7203,16
136,0,140182,140182,1,2,1,1,50,50,13,5311,0,1
137,7699,10812,3113,0,4,1,3,75,25,13,3173,14406,60
138,94841,-3597692,-3692533,0,14,4,10,71.42857143,28.57142857,84,13259,21609,17.5
139,5539,620424,614885,1,12,0,12,100,0,0,0,49999,36
140,15470,-372482,-387952,1,11,0,11,100,0,0,0,77200,59.5
141,235636,53746,-181890,1,22,0,22,100,0,0,0,138000,0
142,7109,-22645,-29754,1,5,0,5,100,0,0,0,10000,72
143,2300,-5400,-7700,0,27,15,12,44.44444444,55.55555556,11,6848,5000,25
144,300575,1909222,1608647,0,14,1,13,92.85714286,7.142857143,13,21892,64700,75
145,194169,25990,-168179,1,10,1,9,90,10,1,1943,20000,11.5
146,29920,1310301,1280381,0,3,0,3,100,0,0,0,272779,360
147,3768,-67800,-71568,1,20,0,20,100,0,0,0,126560,48
148,7957,570820,562863,1,5,1,4,80,20,13,735,34000,12
149,5452,1392768,1387316,1,18,1,17,94.44444444,5.555555556,4,1140,112721,36
150,52402,1561,-50841,0,7,3,4,57.14285714,42.85714286,13,32533,17300,3
151,63796,-1582725,-1646521,1,25,1,24,96,4,1,444,233338,900
152,0,-14403,-14403,0,1,0,1,100,0,0,0,2000,0
153,22962,-87423,-110385,0,7,1,6,85.71428571,14.28571429,13,2546,26855,36
154,132509,-1256255,-1388764,0,77,11,66,85.71428571,14.28571429,10,36018,20000,26
155,137862,-211059,-348921,1,27,4,23,85.18518519,14.81481481,13,156714,500000,900
156,0,5553,5553,0,3,1,2,66.66666667,33.33333333,84,8018,8018,1
157,25743,-5847648,-5873391,1,32,1,31,96.875,3.125,1,270,454519,450
158,73383,34974,-38409,0,9,3,6,66.66666667,33.33333333,13,2764,156595,360
159,29110,652912,623802,0,43,4,39,90.69767442,9.302325581,1,215239,209755,360
160,24424,131874,107450,1,6,1,5,83.33333333,16.66666667,1,3526,75000,71.5
161,86787,-3374112,-3460899,1,32,0,32,100,0,0,0,192800,71
162,1938,327468,325530,0,6,1,5,83.33333333,16.66666667,6,2303,21609,18
163,98467.41667,-3372336,-3470803.417,1,22,0,22,100,0,0,0,2000000,720
164,45150,-704,-45854,0,16,2,14,87.5,12.5,13,6233,195000,36
165,20375,-31697,-52072,0,29,7,22,75.86206897,24.13793103,2,1576,50276,36
166,48054,13977,-34077,0,9,3,6,66.66666667,33.33333333,84,11222,14406,1
167,123240,-298400,-421640,0,32,13,19,59.375,40.625,57,4562,41100,120
168,353641,2611206,2257565,0,13,2,11,84.61538462,15.38461538,13,123450,185497,360
169,63978,-303251,-367229,0,13,3,10,76.92307692,23.07692308,13,95880,242028,360
170,1336896,-184775,-1521671,0,25,1,24,96,4,7,20,442400,180
171,233952,196830,-37122,0,27,4,23,85.18518519,14.81481481,13,218909,117500,180
172,8970,23695,14725,1,7,0,7,100,0,0,0,50000,159
173,8653,52030,43377,1,10,1,9,90,10,1,3761,62600,120
174,27745,-74760,-102505,1,35,4,31,88.57142857,11.42857143,4,735,150000,90
175,4676,-849705,-854381,1,15,1,14,93.33333333,6.666666667,1,624,20000,60
176,7829,-118853,-126682,0,7,1,6,85.71428571,14.28571429,13,7463,7203,18
177,9688,3171,-6517,0,7,4,3,42.85714286,57.14285714,13,4301,14406,20
178,19496,216680,197184,1,8,0,8,100,0,0,0,3000,60
179,0,24970,24970,1,2,0,2,100,0,0,0,0,0
180,136074,2322,-133752,0,43,20,23,53.48837209,46.51162791,84,17777,1088043,48
181,238899,-3969,-242868,0,9,4,5,55.55555556,44.44444444,18,49769,13164,27.5
182,40418,68220,27802,1,20,0,20,100,0,0,0,147300,95
183,56702,1279179,1222477,1,27,0,27,100,0,0,0,73800,60
184,4619,-257760,-262379,0,15,3,12,80,20,6,724,74000,48
185,0,3822,3822,0,2,1,1,50,50,6,8152,6700,1
186,31642,566532,534890,0,9,1,8,88.88888889,11.11111111,13,2629,20000,60
187,12928,30527,17599,0,7,1,6,85.71428571,14.28571429,6,837,266320,360
188,630,169688,169058,1,4,0,4,100,0,0,0,0,1
189,12179,12325,146,1,5,0,5,100,0,0,0,13580,0
190,128028,-90074875,-90202903,1,25,0,25,100,0,0,0,1814240,0
191,11791,-867504,-879295,1,11,1,10,90.90909091,9.090909091,1,289,155868,36
192,1290,267828,266538,1,6,0,6,100,0,0,0,184343,1
193,451612,-1486720,-1938332,0,40,9,31,77.5,22.5,13,213301,1107000,360
194,6047,-2205,-8252,1,21,4,17,80.95238095,19.04761905,4,2716,14700,1
195,8965,21060,12095,1,13,0,13,100,0,0,0,170739,60
196,86482,920,-85562,0,8,3,5,62.5,37.5,25,75809,77001,900
197,118344,1586040,1467696,0,8,1,7,87.5,12.5,13,122020,444000,72
198,36712,98460,61748,0,9,5,4,44.44444444,55.55555556,84,14536,210255,360
199,114842,271092,156250,0,57,26,31,54.38596491,45.61403509,13,11136,22206,26
200,732,696,-36,1,8,5,3,37.5,62.5,4,1381,8000,90
201,16109,294903,278794,0,3,1,2,66.66666667,33.33333333,84,4700,249135,36
202,47686,167499,119813,0,3,1,2,66.66666667,33.33333333,13,1406,268720,60
203,10676,214620,203944,1,30,6,24,80,20,13,3088,228915,360
204,56336,-380952,-437288,0,12,1,11,91.66666667,8.333333333,13,39841,39841,335
205,19609.25,-484050,-503659.25,1,30,2,28,93.33333333,6.666666667,2,1572,372314,300
206,140178,-25550,-165728,1,14,1,13,92.85714286,7.142857143,1,714,169851,48
207,12002,-68064,-80066,1,8,0,8,100,0,0,0,25650,36
208,7106,-12222,-19328,1,9,2,7,77.77777778,22.22222222,4,1000,45545,216
209,7622,-128982,-136604,1,21,5,16,76.19047619,23.80952381,24,2553,20072,24
210,17738,49950,32212,0,9,0,9,100,0,0,0,12881,18
211,34136,-262444,-296580,1,13,1,12,92.30769231,7.692307692,13,3806,1233723,360
212,813,342288,341475,1,9,0,9,100,0,0,0,11500,73
213,215858,-24835113,-25050971,1,153,12,141,92.15686275,7.843137255,6,102785,179351,36
214,20785,-263705,-284490,1,13,0,13,100,0,0,0,612000,240
215,4129,476469,472340,1,7,0,7,100,0,0,0,10000,13
216,46501,14148,-32353,0,9,5,4,44.44444444,55.55555556,13,19364,184515,360
217,31489,-709434,-740923,0,11,6,5,45.45454545,54.54545455,3,6647,31300,12
218,5706,3136,-2570,1,16,0,16,100,0,0,0,196055,360
219,188060,-3558919,-3746979,0,91,21,70,76.92307692,23.07692308,13,18580,359443,120
220,122867,-405972,-528839,0,18,6,12,66.66666667,33.33333333,54,2595,96100,54
221,24686,-10990,-35676,1,2,0,2,100,0,0,0,120000,18
222,1282,-4662,-5944,1,6,1,5,83.33333333,16.66666667,1,1687,12500,36
223,65843.25,1361877,1296033.75,0,33,14,19,57.57575758,42.42424242,30,10755,338712,60
224,69141,-96778,-165919,1,22,3,19,86.36363636,13.63636364,13,1269,204964,360
225,7426,-493,-7919,1,17,6,11,64.70588235,35.29411765,4,2773,4000,1000
226,68365,926012,857647,0,2,0,2,100,0,0,0,1396,0
227,8722,-6741448,-6750170,1,7,0,7,100,0,0,0,190000,180
228,35857,16820,-19037,0,10,0,10,100,0,0,0,36999,900
229,203159,28629,-174530,0,9,2,7,77.77777778,22.22222222,13,114346,48000,90
230,6369,-520416,-526785,1,12,0,12,100,0,0,0,167000,48
231,17810,-937135,-954945,1,23,0,23,100,0,0,0,221718,312
232,10632,288,-10344,1,9,1,8,88.88888889,11.11111111,1,4655,50000,36
233,234625,-630062,-864687,1,23,0,23,100,0,0,0,226690,360
234,12827,410723,397896,0,19,5,14,73.68421053,26.31578947,18,5680,40000,36
235,35411,8310,-27101,0,5,0,5,100,0,0,0,40800,120
236,17121,1277125,1260004,1,5,0,5,100,0,0,0,305000,36
237,215300,42483,-172817,0,17,3,14,82.35294118,17.64705882,13,26050,324071,360
238,5198,-7900,-13098,1,2,0,2,100,0,0,0,289761,72
239,6279,118632,112353,0,4,1,3,75,25,4,656,860,361
240,0,-31892,-31892,1,7,0,7,100,0,0,0,20000,1
241,10747,-20802,-31549,1,6,1,5,83.33333333,16.66666667,84,5460,162158,12
242,149421,-234450,-383871,0,15,0,15,100,0,0,0,92800,60
243,15374,-31142,-46516,0,23,4,19,82.60869565,17.39130435,61,12213,256476,360
244,49235,-3056900,-3106135,1,50,0,50,100,0,0,0,800101,360
245,1722,45975,44253,0,5,2,3,60,40,13,1100,14406,12
246,3145,-8051784,-8054929,1,26,14,12,46.15384615,53.84615385,13,1639,184560,19.5
247,25940,241748,215808,0,26,9,17,65.38461538,34.61538462,13,13608,41389,12
248,19456,1860,-17596,0,10,4,6,60,40,13,9511,9511,18
249,21214,-43602,-64816,0,13,3,10,76.92307692,23.07692308,13,2106,20000,12
250,5873,173710,167837,1,10,0,10,100,0,0,0,227788,48
251,53213,-1616,-54829,0,8,3,5,62.5,37.5,84,15778,20000,1
252,93730,29628,-64102,0,12,1,11,91.66666667,8.333333333,57,12271,25000,30
253,4446,-302524,-306970,0,4,2,2,50,50,8,1045,31000,25
254,22389,15234,-7155,0,3,2,1,33.33333333,66.66666667,60,5416,82800,18
255,6418,-353551,-359969,1,11,1,10,90.90909091,9.090909091,1,1090,71800,36
256,0,-23432,-23432,1,4,0,4,100,0,0,0,0,60
257,27401,-14022,-41423,0,38,11,27,71.05263158,28.94736842,16,44178,24000,60
258,98642,-571896,-670538,1,24,0,24,100,0,0,0,511600,240
259,8044,-90153,-98197,0,21,7,14,66.66666667,33.33333333,13,2891,10000,95
260,635,816,181,1,6,0,6,100,0,0,0,60379,360
261,212935,38607,-174328,0,17,10,7,41.17647059,58.82352941,13,37663,193809,360
262,17106,-344934,-362040,0,9,1,8,88.88888889,11.11111111,13,13230,136000,48
263,41988,-5797512,-5839500,1,72,9,63,87.5,12.5,2,5760,241952,48
264,13803,-1554582,-1568385,1,17,0,17,100,0,0,0,460440,72
265,85822,79680,-6142,0,15,1,14,93.33333333,6.666666667,13,31157,16650,18
266,1006,2655774,2654768,1,6,1,5,83.33333333,16.66666667,1,35,66100,36
267,18153,-34450,-52603,0,5,0,5,100,0,0,0,100,1
268,5811,-307832,-313643,1,14,1,13,92.85714286,7.142857143,1,700,175208,48
269,1601,-4384096,-4385697,1,16,0,16,100,0,0,0,88000,59.5
270,733830,-1103817,-1837647,0,33,6,27,81.81818182,18.18181818,13,300033,40000,1000
271,19285.5,-66671,-85956.5,0,19,9,10,52.63157895,47.36842105,18,8411,20062,24
272,24987,-29582,-54569,1,14,0,14,100,0,0,0,37000,301
273,855,-17022,-17877,1,6,0,6,100,0,0,0,20000,18
274,23166,-15635,-38801,1,5,0,5,100,0,0,0,291999,360
275,62,48,-14,1,2,0,2,100,0,0,0,5000,0
276,0,-5318,-5318,0,2,0,2,100,0,0,0,12000,0
277,0,132356,132356,1,7,3,4,57.14285714,42.85714286,13,10319,7306,30
278,4639,-53319,-57958,1,7,1,6,85.71428571,14.28571429,13,2139,1600,3
279,42926,-140080,-183006,0,34,2,32,94.11764706,5.882352941,13,548,13000,12
280,25372,-36506866,-36532238,1,22,5,17,77.27272727,22.72727273,13,8983,30000,288
281,2599,-8548272,-8550871,1,9,0,9,100,0,0,0,1397,36
282,0,-13430,-13430,1,2,0,2,100,0,0,0,10000,0
283,20806,-35448,-56254,1,12,2,10,83.33333333,16.66666667,31,10800,34000,1000
284,26666,-61392,-88058,0,12,1,11,91.66666667,8.333333333,13,7057,11900,12
285,4857,-32130,-36987,0,9,0,9,100,0,0,0,22000,90
286,0,-80226,-80226,1,2,0,2,100,0,0,0,0,1
287,56496,-7780347,-7836843,1,53,32,21,39.62264151,60.37735849,13,45656,42933,25
288,183874,4650,-179224,0,5,1,4,80,20,3,23522,35949,0
289,21890,-529158,-551048,1,42,0,42,100,0,0,0,212741,360
290,7781,-756700,-764481,1,23,4,19,82.60869565,17.39130435,12,11145,41000,60
291,13577,-198580,-212157,0,4,0,4,100,0,0,0,42400,120
292,422760.1667,-248130,-670890.1667,0,18,8,10,55.55555556,44.44444444,39,27526,150000,360
293,4528,49998,45470,1,26,11,15,57.69230769,42.30769231,15,5224,110000,900
294,26387,-17676,-44063,0,9,2,7,77.77777778,22.22222222,13,11075,6005,12
295,88859,-25183964,-25272823,1,26,2,24,92.30769231,7.692307692,2,7566,850000,1000
296,22150,240924,218774,1,17,3,14,82.35294118,17.64705882,7,1275,423093,72
297,11372,-140070,-151442,0,30,6,24,80,20,13,5297,63500,4
298,100799,-1317485,-1418284,1,13,1,12,92.30769231,7.692307692,1,3598,452515,72
299,874,-39210,-40084,1,10,1,9,90,10,1,1799,14500,0
300,4234,-17367,-21601,0,7,2,5,71.42857143,28.57142857,13,2751,15238,1
301,1901,-10528,-12429,1,4,0,4,100,0,0,0,219899,360
302,5800,-52105,-57905,0,17,4,13,76.47058824,23.52941176,6,2766,10000,12
303,106558,-24282,-130840,0,18,6,12,66.66666667,33.33333333,57,39278,250999,360
304,67330,-888132,-955462,1,21,0,21,100,0,0,0,520344,90
305,213338,27624432,27411094,1,88,1,87,98.86363636,1.136363636,1,6159,3000000,180
306,36488,49968,13480,0,24,12,12,50,50,47,13844,123190,78
307,28417,-5995055,-6023472,1,55,1,54,98.18181818,1.818181818,8,790,235999,360
308,83411,-115388,-198799,0,13,5,8,61.53846154,38.46153846,84,10480,35000,1000
309,42510,81875,39365,1,25,0,25,100,0,0,0,261866,360
310,5210,1840,-3370,0,4,1,3,75,25,2,1519,100,4
311,31175,-42072,-73247,0,8,0,8,100,0,0,0,25500,36
312,7789,2763247,2755458,1,31,8,23,74.19354839,25.80645161,2,2505,177900,120
313,49002,-760921,-809923,1,49,0,49,100,0,0,0,285340,60
314,28900,-1270098,-1298998,0,246,11,235,95.52845528,4.471544715,10,9996,80000,48
315,705,-4488,-5193,1,8,3,5,62.5,37.5,6,18623,15000,12
316,12732,-63120,-75852,1,6,2,4,66.66666667,33.33333333,10,1990,126000,900
317,55653,30254,-25399,0,7,2,5,71.42857143,28.57142857,13,44224,151100,90
318,766,168036,167270,0,4,2,2,50,50,17,35097,9000,6
319,111530,107760,-3770,0,24,14,10,41.66666667,58.33333333,84,48328,13800,360
320,24523,471744,447221,1,18,0,18,100,0,0,0,1234875,360
321,6963,-310928,-317891,1,16,0,16,100,0,0,0,41700,59.5
322,33825,62950,29125,0,25,4,21,84,16,13,2471,107700,18
323,27366,54250,26884,0,5,0,5,100,0,0,0,0,1
324,475,-33712,-34187,1,1,0,1,100,0,0,0,10000,0
325,110146,786904,676758,0,38,21,17,44.73684211,55.26315789,6,3523,114828,60
326,8872,-1161216,-1170088,1,28,0,28,100,0,0,0,644074,360
327,19733,-53404,-73137,0,13,7,6,46.15384615,53.84615385,11,10638,15300,32
328,0,723525,723525,1,3,1,2,66.66666667,33.33333333,6,2395,1197,13.25
329,215,3701,3486,1,1,0,1,100,0,0,0,0,1
330,62184,5340,-56844,0,5,0,5,100,0,0,0,5000,1
331,15771,115765,99994,0,13,3,10,76.92307692,23.07692308,6,6215,186148,360
332,20503,49555,29052,0,11,2,9,81.81818182,18.18181818,13,5014,21534,0
333,8953,-269709,-278662,0,11,0,11,100,0,0,0,15300,72
334,3390,3519,129,0,3,1,2,66.66666667,33.33333333,6,3390,13146,24
335,2392,-55506,-57898,1,2,0,2,100,0,0,0,11000,36
336,15521,-822666,-838187,1,13,0,13,100,0,0,0,48000,36
337,2079,-12080,-14159,1,4,0,4,100,0,0,0,7000,26
338,1805,1315864,1314059,1,11,1,10,90.90909091,9.090909091,13,1405,54000,0
340,28532,-291172,-319704,1,7,0,7,100,0,0,0,96127,0
341,32369,59015,26646,0,5,2,3,60,40,3,15539,16949,48
342,41134,9439561,9398427,1,19,0,19,100,0,0,0,499805,240
343,26628,3700,-22928,0,5,3,2,40,60,39,8816,178214,360
344,125,-1399,-1524,1,1,0,1,100,0,0,0,6000,0
345,64331,1057876,993545,1,17,0,17,100,0,0,0,100000,48
346,77459,4600,-72859,1,20,8,12,60,40,11,4142,696308,360
347,21563,-5211,-26774,0,9,3,6,66.66666667,33.33333333,68,4552,315818,360
348,5994,-6150,-12144,1,5,0,5,100,0,0,0,44000,36
349,3819,-473310,-477129,1,18,8,10,55.55555556,44.44444444,2,1598,20000,60
350,17232,-907269,-924501,0,19,3,16,84.21052632,15.78947368,45,20239,183800,1000
351,2151,4636,2485,0,2,0,2,100,0,0,0,740,1
352,20634,239800,219166,0,8,3,5,62.5,37.5,38,11025,11025,12
353,247834,95051,-152783,0,11,8,3,27.27272727,72.72727273,84,115828,14406,19.5
354,158682,-21777336,-21936018,1,56,2,54,96.42857143,3.571428571,13,1473,991000,72
355,96604,13627080,13530476,1,40,0,40,100,0,0,0,364400,360
356,387513,111264,-276249,0,61,41,20,32.78688525,67.21311475,84,32109,50300,19.5
357,31960,431703,399743,0,9,4,5,55.55555556,44.44444444,13,11232,20000,18
358,12758,18975,6217,0,5,0,5,100,0,0,0,22000,0
359,196522,-153234,-349756,0,18,3,15,83.33333333,16.66666667,13,5282,37000,60
360,248,8280,8032,1,9,0,9,100,0,0,0,9800,0
361,2915,-10066,-12981,1,14,5,9,64.28571429,35.71428571,7,796,14406,20
362,36832,-5904,-42736,0,9,2,7,77.77777778,22.22222222,13,8677,25900,1000
363,4646,27978,23332,0,6,4,2,33.33333333,66.66666667,4,1886,15000,36
364,475,-980,-1455,1,5,0,5,100,0,0,0,17500,0
365,19957,1559246,1539289,1,13,0,13,100,0,0,0,20000,312
366,461127,-678540,-1139667,0,43,7,36,83.72093023,16.27906977,13,85401,301805,60
367,8508,-18382,-26890,1,13,0,13,100,0,0,0,369654,72
368,45508,-343290,-388798,0,5,2,3,60,40,6,3414,0,59.5
369,10788,6531400,6520612,0,17,5,12,70.58823529,29.41176471,10,4866,245606,360
370,10084,169100,159016,0,25,5,20,80,20,18,6198,5100,20
371,20242,24999,4757,0,13,1,12,92.30769231,7.692307692,1,193,15000,1
372,155705,861,-154844,0,21,6,15,71.42857143,28.57142857,84,40323,40323,360
373,67256,-34256,-101512,0,16,4,12,75,25,13,38118,143463,360
374,3770,41152,37382,0,8,0,8,100,0,0,0,15000,13
375,7304,-7710,-15014,0,5,3,2,40,60,13,4206,1482,1
376,207103,-7354052,-7561155,1,29,1,28,96.55172414,3.448275862,3,107286,146300,240
377,10562,337550,326988,0,10,2,8,80,20,4,5678,205466,60
378,16497,6504,-9993,0,2,0,2,100,0,0,0,11400,18
379,9470,-136770,-146240,0,6,4,2,33.33333333,66.66666667,84,88394,259093,360
380,6451,-932121,-938572,1,9,0,9,100,0,0,0,210000,1000
381,27160,54680,27520,0,8,2,6,75,25,13,3323,5100,12
382,8181,-300816,-308997,1,9,0,9,100,0,0,0,50550,24
383,27310,-382140,-409450,1,18,0,18,100,0,0,0,86197,360
384,4191,18174,13983,1,3,0,3,100,0,0,0,60750,9.5
385,72121,-307296,-379417,1,66,13,53,80.3030303,19.6969697,5,5850,500000,150
386,1036,9712,8676,1,4,1,3,75,25,1,1173,0,25
387,59943,31470552,31410609,0,27,12,15,55.55555556,44.44444444,13,6507,235200,30
388,13107,-13118,-26225,0,7,0,7,100,0,0,0,0,1
389,3385,-88185,-91570,1,15,0,15,100,0,0,0,18600,24
390,15814,-66495,-82309,0,31,5,26,83.87096774,16.12903226,7,608,186818,240
391,18311,3311745,3293434,1,15,0,15,100,0,0,0,350000,0
392,9361,-211650,-221011,1,17,0,17,100,0,0,0,165500,900
393,15334,47780,32446,0,10,1,9,90,10,13,15334,5000,2
394,5648,-4652,-10300,0,4,3,1,25,75,13,5164,5164,9.75
395,3428.5,13796,10367.5,0,4,2,2,50,50,13,16193,16193,1
396,38883,32383,-6500,1,13,0,13,100,0,0,0,39000,36.5
397,5408,-5968,-11376,0,4,3,1,25,75,4,1325,2500,20
398,57718,-709540,-767258,0,13,0,13,100,0,0,0,8000,16
399,80557,330460,249903,0,26,13,13,50,50,12,3893,40100,36
400,3455,-2764380,-2767835,1,12,4,8,66.66666667,33.33333333,27,3000,138003,360
401,138836,64656,-74180,0,4,1,3,75,25,13,116590,116590,60
402,1102,5573288,5572186,1,14,13,1,7.142857143,92.85714286,0,0,259000,48
403,17537,2171008,2153471,1,32,9,23,71.875,28.125,13,5282,42500,48
404,2686,-33030,-35716,0,15,0,15,100,0,0,0,166764,360
405,20018,-674312,-694330,1,31,4,27,87.09677419,12.90322581,1,1907,153317,360
406,13143,-3589964,-3603107,1,28,1,27,96.42857143,3.571428571,13,1890,225000,13
407,1371,587480,586109,0,8,1,7,87.5,12.5,13,4169,19719,24
408,125837,-107550,-233387,0,15,4,11,73.33333333,26.66666667,13,65157,65157,360
409,7059,-478660,-485719,1,13,0,13,100,0,0,0,190397,360
410,17709,47540,29831,0,4,1,3,75,25,12,3370,3000,10.25
411,31021.41667,-15657940,-15688961.42,1,23,0,23,100,0,0,0,118984,360
412,10129,13792,3663,0,4,0,4,100,0,0,0,2049,1
413,26198,-3204,-29402,1,12,5,7,58.33333333,41.66666667,2,3740,349161,72
414,6220,-39006,-45226,1,11,1,10,90.90909091,9.090909091,3,84,211577,60
415,0,-1025552,-1025552,1,8,1,7,87.5,12.5,5,1319,335018,13.25
416,68995,25500,-43495,0,4,3,1,25,75,13,92881,225519,360
417,44496,-245744,-290240,0,16,4,12,75,25,13,8410,24000,12
418,9390,-107237,-116627,1,13,2,11,84.61538462,15.38461538,13,320,34200,1
419,1,413943,413942,1,3,0,3,100,0,0,0,16569,19
420,14613,88662,74049,1,7,0,7,100,0,0,0,50000,36
421,17965,-45564,-63529,0,6,3,3,50,50,15,8742,8742,24
422,116351,-20386512,-20502863,0,108,6,102,94.44444444,5.555555556,8,67705,16985,60
423,239,-111621,-111860,0,3,0,3,100,0,0,0,400,1
424,91494,1474095,1382601,0,15,11,4,26.66666667,73.33333333,37,85261,224899,360
425,1072,-141516,-142588,1,12,0,12,100,0,0,0,14500,18
426,23050,-47742,-70792,0,2,2,0,0,100,13,15284,15284,0
427,23658,-300640,-324298,0,8,0,8,100,0,0,0,5174,2
428,2189,-208965,-211154,1,5,0,5,100,0,0,0,4464,12
429,10330,-56111,-66441,0,11,0,11,100,0,0,0,263609,360
430,3094,-199895,-202989,1,5,0,5,100,0,0,0,87248,0
431,48719,-25272,-73991,0,13,6,7,53.84615385,46.15384615,1,1390,20000,2
432,40751,207922,167171,0,11,0,11,100,0,0,0,120066,3
433,4653,85884,81231,1,6,0,6,100,0,0,0,25500,59.5
434,272,1218,946,0,3,1,2,66.66666667,33.33333333,15,957,22480,7.75
435,1239,520404,519165,1,17,7,10,58.82352941,41.17647059,2,504,14000,32
436,3097,-49144,-52241,0,2,0,2,100,0,0,0,20000,0
437,429925,621075,191150,0,25,9,16,64,36,17,172926,67688,36
438,242036,44081,-197955,0,17,6,11,64.70588235,35.29411765,13,3329,45000,36
439,5252,82629,77377,0,9,2,7,77.77777778,22.22222222,1,1250,36500,36
440,36956,-53676,-90632,1,28,2,26,92.85714286,7.142857143,5,1796,280912,80
441,3413,-2150,-5563,1,1,0,1,100,0,0,0,172067,60
442,51001,6765906,6714905,1,21,1,20,95.23809524,4.761904762,13,31624,142140,360
443,6271,-356368,-362639,1,8,0,8,100,0,0,0,143187,36
444,5556,282795,277239,1,5,1,4,80,20,37,15145,45000,12
445,54015,-49730,-103745,0,10,3,7,70,30,40,9541,10000,10.25
446,8097,-97242,-105339,0,6,2,4,66.66666667,33.33333333,13,8428,64000,360
447,61378,-228085,-289463,0,5,0,5,100,0,0,0,40000,0
448,50860,-90091,-140951,1,23,4,19,82.60869565,17.39130435,13,10656,390094,361
449,14359,23814,9455,1,27,7,20,74.07407407,25.92592593,13,5192,31500,24
450,41486,33856,-7630,0,16,3,13,81.25,18.75,40,1401,51000,120
451,22302,-178600,-200902,1,40,1,39,97.5,2.5,2,420,287592,240
452,1656,-1068960,-1070616,1,10,3,7,70,30,1,221,3500,25.5
453,7821,-8820,-16641,0,7,1,6,85.71428571,14.28571429,13,3881,7610,1
454,141346,-144584,-285930,0,22,6,16,72.72727273,27.27272727,84,27458,20000,19.5
455,26621,511812,485191,0,7,4,3,42.85714286,57.14285714,13,3070,336610,72
456,3668,-1416,-5084,1,6,1,5,83.33333333,16.66666667,1,1343,33100,120
457,23266,13081446,13058180,1,9,0,9,100,0,0,0,250000,900
458,7917,62970,55053,1,15,4,11,73.33333333,26.66666667,3,397,219303,60
459,15568,-52470,-68038,0,3,1,2,66.66666667,33.33333333,64,13710,20000,0
460,47146,14004,-33142,0,4,4,0,0,100,84,10558,7203,21.25
461,2961,35888,32927,1,16,2,14,87.5,12.5,2,1790,61500,24
462,3254.666667,-746,-4000.666667,1,2,0,2,100,0,0,0,5580,36
463,12619,81367,68748,1,11,0,11,100,0,0,0,44099,18
464,10026,34915,24889,0,5,3,2,40,60,84,1432,0,19.5
465,3081,107922,104841,1,6,0,6,100,0,0,0,49000,36
466,18799,-331956,-350755,1,18,0,18,100,0,0,0,255800,48
467,6290,-18204,-24494,1,3,0,3,100,0,0,0,75000,0
468,8261,569970,561709,1,10,0,10,100,0,0,0,115500,240
469,20353,4610960,4590607,1,20,0,20,100,0,0,0,261400,120
470,30602,-14616,-45218,0,7,2,5,71.42857143,28.57142857,6,3136,214687,360
471,7098,-106701,-113799,1,7,1,6,85.71428571,14.28571429,5,1475,24640,1
472,62169,49244,-12925,0,4,0,4,100,0,0,0,27500,36
473,1818217,224910,-1593307,0,5,2,3,60,40,14,11038,11038,59.5
474,46781,-5306,-52087,1,14,2,12,85.71428571,14.28571429,6,16776,127677,48
475,65501,-254280,-319781,1,52,15,37,71.15384615,28.84615385,2,8908,73452,36
476,1087,-354,-1441,1,6,0,6,100,0,0,0,20000,1
477,7862,735840,727978,1,14,3,11,78.57142857,21.42857143,13,5633,20000,36
478,149251,372034,222783,0,13,2,11,84.61538462,15.38461538,13,39794,44091,36
479,31895,-347074,-378969,0,13,8,5,38.46153846,61.53846154,13,15941,14406,18
480,13454,-476748,-490202,1,19,0,19,100,0,0,0,401859,72
481,1253583,520245,-733338,0,33,11,22,66.66666667,33.33333333,15,250710,216880,360
482,4955,-1115010,-1119965,1,13,0,13,100,0,0,0,15000,12.5
483,0,2077902,2077902,1,3,0,3,100,0,0,0,7000,1
484,10612,8043,-2569,0,21,4,17,80.95238095,19.04761905,13,2413,26851,24
485,14189,886074,871885,1,6,0,6,100,0,0,0,67000,0
486,2140,-126,-2266,0,3,2,1,33.33333333,66.66666667,13,14867,2000,3
487,6774,-3096470,-3103244,1,13,0,13,100,0,0,0,237553,36
488,111826,4944,-106882,0,12,12,0,0,100,13,48920,8000,47.5
489,20825,-1568040,-1588865,1,24,0,24,100,0,0,0,411600,120
490,85177,-5511912,-5597089,1,84,6,78,92.85714286,7.142857143,13,11747,480000,90
491,13258,-7842,-21100,0,3,0,3,100,0,0,0,11478,12
492,1159121,-3893880,-5053001,0,148,20,128,86.48648649,13.51351351,13,151498,237652,36
493,11554,-7387786,-7399340,1,14,0,14,100,0,0,0,2476005,225
494,45149,-5182716,-5227865,1,142,5,137,96.47887324,3.521126761,3,8036,332951,360
495,4211,22620,18409,0,15,2,13,86.66666667,13.33333333,3,1371,26000,18
496,156686,1594616,1437930,0,47,5,42,89.36170213,10.63829787,4,3560,147228,360
497,71856,540672,468816,0,6,1,5,83.33333333,16.66666667,6,4822,1000,24
498,996389,2468153,1471764,0,23,4,19,82.60869565,17.39130435,13,3234351,293100,120
499,2143,222,-1921,0,3,0,3,100,0,0,0,6005,5
500,36536,-64843,-101379,0,61,7,54,88.52459016,11.47540984,20,14464,20000,30
501,52129.91667,33420,-18709.91667,0,6,5,1,16.66666667,83.33333333,80,23052,23052,1
502,9922,-37730,-47652,1,7,0,7,100,0,0,0,16700,7.75
503,5036,-93184,-98220,1,4,0,4,100,0,0,0,752,72
504,17786,273132,255346,1,12,2,10,83.33333333,16.66666667,13,9237,53500,59.5
505,23452,-21964,-45416,0,17,13,4,23.52941176,76.47058824,20,6670,239154,360
506,54210,34500,-19710,0,15,3,12,80,20,13,21177,18900,18
507,6848,-54608,-61456,1,8,1,7,87.5,12.5,1,3259,20000,36
508,3925,-83735,-87660,0,5,1,4,80,20,13,574,10000,4
509,12443,26704,14261,1,16,1,15,93.75,6.25,1,310,183996,36
510,8049,-204094,-212143,1,11,0,11,100,0,0,0,54000,144
511,8706,8940,234,0,3,2,1,33.33333333,66.66666667,1,1964,9000,0.5
512,15675,10490,-5185,1,5,0,5,100,0,0,0,6000,6
513,12894,4438,-8456,0,7,4,3,42.85714286,57.14285714,1,2570,20000,1
514,7744,-7322,-15066,0,7,0,7,100,0,0,0,22500,24
515,111614,-62076,-173690,0,21,2,19,90.47619048,9.523809524,13,4726,46800,1
516,116097,-29940,-146037,0,12,5,7,58.33333333,41.66666667,58,15983,124028,360
517,4177,6168,1991,1,3,1,2,66.66666667,33.33333333,2,480,0,5
518,0,209,209,1,1,0,1,100,0,0,0,0,1
519,2983,1026,-1957,1,1,0,1,100,0,0,0,309654,360
520,107454,-318420,-425874,1,12,1,11,91.66666667,8.333333333,1,8251,216600,120
521,9660,-12276,-21936,1,36,12,24,66.66666667,33.33333333,39,23967,20006,26
522,15629,416,-15213,0,4,2,2,50,50,3,10506,336437,360
523,49813,128089,78276,0,13,8,5,38.46153846,61.53846154,84,10691,6239,25
524,65760,-82548,-148308,1,18,1,17,94.44444444,5.555555556,1,467,40000,90
525,605378,11306664,10701286,0,24,5,19,79.16666667,20.83333333,13,274898,268960,36
526,11033,-43377,-54410,1,19,0,19,100,0,0,0,214032,48
527,834,25212,24378,1,3,0,3,100,0,0,0,0,60
528,0,312,312,0,3,0,3,100,0,0,0,100,6
529,84743,-75768,-160511,0,7,2,5,71.42857143,28.57142857,6,13809,88311,60
530,13616,1344879,1331263,1,9,0,9,100,0,0,0,77000,60
531,10075,-2861248,-2871323,1,26,1,25,96.15384615,3.846153846,1,350,60840,12
532,1457,139098,137641,0,6,1,5,83.33333333,16.66666667,13,1457,120000,72
533,231581,544115,312534,0,13,3,10,76.92307692,23.07692308,13,1328,18852,0
534,2850,298923,296073,0,3,1,2,66.66666667,33.33333333,1,1425,42500,0.5
535,6756,2883,-3873,0,3,0,3,100,0,0,0,6756,0
536,550,2312,1762,1,2,0,2,100,0,0,0,1400,0
537,343536,491491,147955,0,13,3,10,76.92307692,23.07692308,11,178101,100000,60
538,71061,-262452,-333513,1,6,0,6,100,0,0,0,246294,360
539,19081,-109523,-128604,1,31,11,20,64.51612903,35.48387097,15,11583,28002,36
540,189567,-516990,-706557,1,15,0,15,100,0,0,0,244801,360
541,42586,-37036,-79622,0,47,8,39,82.9787234,17.0212766,2,3644,40076,20
542,18627,-1346359,-1364986,1,19,4,15,78.94736842,21.05263158,6,2845,172427,360
543,0,30306,30306,1,2,0,2,100,0,0,0,133000,36
544,1846,-3776,-5622,1,4,0,4,100,0,0,0,10000,0
545,20404,1961091,1940687,0,11,4,7,63.63636364,36.36363636,37,15047,20000,240
546,11709,-3930,-15639,0,6,0,6,100,0,0,0,11250,1
547,50651,156390,105739,0,15,5,10,66.66666667,33.33333333,84,9212,232573,36
548,250836,1020034,769198,0,19,12,7,36.84210526,63.15789474,56,62851,198386,360
549,7373,-669916,-677289,0,26,0,26,100,0,0,0,33500,60
550,3994,-33640,-37634,0,4,2,2,50,50,5,1001,0,36
551,5724,-48680,-54404,1,10,1,9,90,10,9,7820,214266,48
552,15717,-36594,-52311,1,18,2,16,88.88888889,11.11111111,2,1849,122251,72
553,31755,-360,-32115,0,12,2,10,83.33333333,16.66666667,13,3818,7203,36
554,12604,139760,127156,1,16,1,15,93.75,6.25,1,1581,158210,360
555,4456,-56860,-61316,1,10,1,9,90,10,5,797,55556,0
556,15521,247545,232024,1,15,4,11,73.33333333,26.66666667,2,628,480551,72
557,59087,-12420,-71507,0,15,4,11,73.33333333,26.66666667,11,6803,31000,60
558,43229,528276,485047,1,21,19,2,9.523809524,90.47619048,0,0,125600,59.5
559,2906,34518,31612,0,6,1,5,83.33333333,16.66666667,1,1500,7000,18
560,37225,9680,-27545,0,8,7,1,12.5,87.5,31,16100,25199,36
561,13646,10332,-3314,1,28,0,28,100,0,0,0,209538,60
562,2518,-640008,-642526,1,27,0,27,100,0,0,0,143840,48
563,6489,159560,153071,1,8,0,8,100,0,0,0,20000,12
564,147009,2779,-144230,0,7,3,4,57.14285714,42.85714286,55,4907,49900,59.5
565,11160,7372936,7361776,1,4,1,3,75,25,2,320,264374,12.5
566,16024,-1207388,-1223412,1,13,0,13,100,0,0,0,73800,48
567,88968,-288168,-377136,0,24,8,16,66.66666667,33.33333333,13,8491,32600,36
568,4171,48139,43968,1,7,1,6,85.71428571,14.28571429,13,711,12293,1
569,4383,-40236,-44619,1,7,0,7,100,0,0,0,23000,59.5
570,15357,6840,-8517,1,15,0,15,100,0,0,0,459625,360
571,30080,19578,-10502,0,6,3,3,50,50,84,3900,9064,19.5
572,31139,84720,53581,0,12,8,4,33.33333333,66.66666667,14,13024,219568,360
573,14052,-185800,-199852,0,8,0,8,100,0,0,0,35613,60
574,1011,-10366,-11377,0,2,0,2,100,0,0,0,10000,18
575,18864,-35462,-54326,0,34,10,24,70.58823529,29.41176471,16,6087,209447,360
576,58031,-37080,-95111,0,9,3,6,66.66666667,33.33333333,21,56061,56061,18
577,103902,305424,201522,1,18,3,15,83.33333333,16.66666667,84,20876,430000,360
578,14231,461964,447733,1,12,0,12,100,0,0,0,40000,36
579,0,1476,1476,0,4,0,4,100,0,0,0,5739,18
580,3317,-1791968,-1795285,1,8,0,8,100,0,0,0,7500,30
581,619157,-334628,-953785,0,17,5,12,70.58823529,29.41176471,13,233029,216880,360
582,63879,-4048737,-4112616,1,21,0,21,100,0,0,0,2610355,600
583,6409,-593838,-600247,1,9,0,9,100,0,0,0,138417,120
584,62025,-892064,-954089,1,16,1,15,93.75,6.25,1,20,124604,36
585,8472,31080,22608,0,4,1,3,75,25,13,673,21609,60
586,5123,-12824,-17947,1,4,0,4,100,0,0,0,35000,0
587,1010,-1001520,-1002530,1,9,2,7,77.77777778,22.22222222,1,770,32500,0
588,84801,14844,-69957,0,12,5,7,58.33333333,41.66666667,84,17019,20000,20
589,2956,237540,234584,1,12,6,6,50,50,15,4811,10013,19.5
590,3734,-24344,-28078,0,8,3,5,62.5,37.5,18,873,4420,1000
591,122576,-65268,-187844,0,18,6,12,66.66666667,33.33333333,80,25780,323998,360
592,16207,-1611460,-1627667,0,5,1,4,80,20,13,288,1800,48
593,27516,115634,88118,1,17,0,17,100,0,0,0,221000,48
594,84974,-549100,-634074,0,10,3,7,70,30,64,5860,50510,1000
595,6221,4281152,4274931,1,32,3,29,90.625,9.375,1,2945,83390,1000
596,24424,-79782,-104206,1,6,1,5,83.33333333,16.66666667,1,3526,75000,71.5
597,589569,62000,-527569,0,10,6,4,40,60,16,5425,2000,48
598,25950,-50732,-76682,0,44,5,39,88.63636364,11.36363636,6,7919,10000,17.5
599,14124,-16058,-30182,1,14,0,14,100,0,0,0,20000,72
600,98181,67524,-30657,0,12,9,3,25,75,42,15180,21609,20
601,41324,2400,-38924,0,8,6,2,25,75,59,6697,10004,13
602,1988,-13239,-15227,0,9,3,6,66.66666667,33.33333333,10,4759,13146,32
603,3703,-427462,-431165,1,14,1,13,92.85714286,7.142857143,1,35,75000,9.5
604,0,-49533,-49533,0,3,0,3,100,0,0,0,100,2
605,14206,-6424,-20630,0,8,4,4,50,50,24,1771,22524,30
606,16670,2854356,2837686,0,6,0,6,100,0,0,0,1000000,180
607,154675.5,-74710,-229385.5,0,31,8,23,74.19354839,25.80645161,20,8393,287487,360
608,2664,-285341,-288005,1,7,4,3,42.85714286,57.14285714,5,212,277429,360
609,27579,82173,54594,1,13,0,13,100,0,0,0,1123400,450
610,1714,-1110626,-1112340,1,19,2,17,89.47368421,10.52631579,6,1884,500000,1800
611,72437,-3088,-75525,0,16,10,6,37.5,62.5,13,9683,14406,12
612,1107,-5440,-6547,1,8,0,8,100,0,0,0,3000,22
613,9440,-10574,-20014,0,17,0,17,100,0,0,0,581632,24
614,15382,3192906,3177524,0,23,4,19,82.60869565,17.39130435,1,7158,20000,6
615,49594,-22078,-71672,0,38,6,32,84.21052632,15.78947368,13,14692,423676,360
616,4324,62595,58271,0,3,2,1,33.33333333,66.66666667,1,1769,17217,0
617,10301,1443882,1433581,1,11,0,11,100,0,0,0,50000,47.5
618,7791,-50688,-58479,1,22,0,22,100,0,0,0,309727,360
619,15915.5,16016,100.5,0,16,12,4,25,75,27,7353,8722,48
620,16852,-32714,-49566,1,11,0,11,100,0,0,0,58000,48
621,44161,85776,41615,1,12,1,11,91.66666667,8.333333333,13,16140,120000,32.5
622,6786,135384,128598,1,6,1,5,83.33333333,16.66666667,13,2136,219710,360
623,7008,5329364,5322356,0,34,21,13,38.23529412,61.76470588,13,7889,8035,19.5
624,130956,579964,449008,0,28,10,18,64.28571429,35.71428571,13,60252,60252,19.5
625,3426,7525,4099,1,5,0,5,100,0,0,0,30000,36
626,26027,-350450,-376477,0,86,10,76,88.37209302,11.62790698,6,12128,14305,32
627,80189,632456,552267,1,22,0,22,100,0,0,0,375930,156
628,20056,-20415,-40471,1,15,4,11,73.33333333,26.66666667,4,1479,43600,17.5
629,49558,10606059,10556501,1,23,1,22,95.65217391,4.347826087,13,5416,142000,72
630,3677,1579912,1576235,1,8,0,8,100,0,0,0,189000,360
631,26203,-7087,-33290,1,19,2,17,89.47368421,10.52631579,13,7071,669878,360
632,44723,-18285,-63008,1,23,4,19,82.60869565,17.39130435,3,3394,182600,60
633,29840,828070,798230,0,34,23,11,32.35294118,67.64705882,13,10440,40212,19.5
634,15624,2532779,2517155,1,17,2,15,88.23529412,11.76470588,41,3057,44500,72
635,0,638652,638652,1,3,0,3,100,0,0,0,1,1
636,46493,-2992855,-3039348,1,5,0,5,100,0,0,0,12856,0
637,182363,367128,184765,0,36,8,28,77.77777778,22.22222222,13,67710,193924,360
638,2657,-52200,-54857,1,6,0,6,100,0,0,0,281304,360
639,15490,38835,23345,1,15,3,12,80,20,1,2538,30000,12
640,45337,-1202214,-1247551,1,39,0,39,100,0,0,0,1400000,600
641,12111,9985,-2126,0,5,1,4,80,20,4,6624,6971,0
642,71349,-33488,-104837,0,7,5,2,28.57142857,71.42857143,84,15825,7203,13
643,336008,-37862,-373870,0,11,5,6,54.54545455,45.45454545,84,242463,60792,19.5
644,32644,-37608640,-37641284,1,40,4,36,90,10,13,564824,500000,360
645,22997,-483630,-506627,1,10,0,10,100,0,0,0,120896,0
646,31847,2204642,2172795,1,22,1,21,95.45454545,4.545454545,13,3313,344164,360
647,67405,-3730,-71135,0,2,0,2,100,0,0,0,100,0
648,10430,121080,110650,1,15,0,15,100,0,0,0,13100,7
649,9892,-3966,-13858,1,6,0,6,100,0,0,0,75000,9.5
650,28476,43505,15029,0,7,1,6,85.71428571,14.28571429,14,4301,145732,60
651,0,13866,13866,0,3,1,2,66.66666667,33.33333333,1,1347,6544,1
652,32978,46545,13567,0,5,3,2,40,60,84,6899,14406,12
653,9626,-35496,-45122,1,9,3,6,66.66666667,33.33333333,3,732,44400,36
654,6933,396000,389067,1,15,0,15,100,0,0,0,266320,360
655,29793,271038,241245,0,6,3,3,50,50,84,10900,10900,9.75
656,5786.666667,-122742,-128528.6667,0,18,5,13,72.22222222,27.77777778,13,1416,153038,360
657,145139,-2365310,-2510449,1,38,1,37,97.36842105,2.631578947,1,605,257000,48
658,13538,-110688,-124226,1,16,1,15,93.75,6.25,1,1,215432,13
659,10968,-92112,-103080,0,16,0,16,100,0,0,0,4500,12
660,384570,14950656,14566086,1,42,0,42,100,0,0,0,3108628,240
661,34828,-54936,-89764,1,18,0,18,100,0,0,0,259742,59.5
662,5681,-4242,-9923,0,6,2,4,66.66666667,33.33333333,24,4844,128906,60
663,15093,-270582,-285675,1,13,2,11,84.61538462,15.38461538,1,3544,50000,48
664,47093,182226,135133,0,11,3,8,72.72727273,27.27272727,22,6044,140563,360
665,17594,-1074480,-1092074,1,30,2,28,93.33333333,6.666666667,1,2867,204510,72
666,23317,131677,108360,0,13,3,10,76.92307692,23.07692308,13,27305,162887,360
667,240779,103624,-137155,0,8,2,6,75,25,13,38282,25178,59.5
668,10788,-29544,-40332,0,6,1,5,83.33333333,16.66666667,13,7032,13146,4
669,174936,-349296,-524232,1,16,0,16,100,0,0,0,55000,900
670,1359,74664,73305,0,6,0,6,100,0,0,0,20000,1
671,4205,1117290,1113085,0,10,2,8,80,20,13,2637,15000,18
672,22558,10547253,10524695,1,81,9,72,88.88888889,11.11111111,6,2557,90000,96
673,128152,-82852,-211004,0,22,13,9,40.90909091,59.09090909,84,29669,4000,26
674,179051,-4726,-183777,0,17,10,7,41.17647059,58.82352941,84,38288,17006,264
675,11323,93660,82337,1,6,0,6,100,0,0,0,489289,360
676,15185,21940,6755,0,4,3,1,25,75,13,11937,1600,1
677,12880,-2400,-15280,0,15,3,12,80,20,13,5567,91911,12
678,23452,19168,-4284,0,16,2,14,87.5,12.5,3,1030,9000,16
679,28658,6112,-22546,0,16,7,9,56.25,43.75,13,18778,300838,360
680,3264,11781,8517,1,17,0,17,100,0,0,0,9200,1
681,1933,-30394,-32327,1,2,0,2,100,0,0,0,18000,0
682,1480,-8712676,-8714156,1,7,0,7,100,0,0,0,487500,0
683,9791,363488,353697,1,16,1,15,93.75,6.25,1,812,50000,24
684,25310,644644,619334,1,22,2,20,90.90909091,9.090909091,6,4960,58000,240
685,13259,284344,271085,1,8,0,8,100,0,0,0,113063,48
686,71364,-15378,-86742,1,3,0,3,100,0,0,0,12800,2.5
687,12935,-1899990,-1912925,0,45,16,29,64.44444444,35.55555556,75,4580,103500,60
688,607196,-46980,-654176,0,12,11,1,8.333333333,91.66666667,13,344106,436695,360
689,16940,48930,31990,1,6,0,6,100,0,0,0,20500,18
690,14375,-4884836,-4899211,1,22,2,20,90.90909091,9.090909091,13,3317,365355,72
691,16614,68874,52260,0,6,2,4,66.66666667,33.33333333,12,2413,32000,120
692,9788,-464954,-474742,1,14,2,12,85.71428571,14.28571429,1,439,20000,26
693,2310,33129,30819,1,9,0,9,100,0,0,0,35000,24
694,1109,409032,407923,1,9,0,9,100,0,0,0,20000,24
695,14423,51583,37160,0,7,0,7,100,0,0,0,50000,1
696,2508,-9288,-11796,0,6,0,6,100,0,0,0,48700,90
697,3696,66052,62356,0,7,6,1,14.28571429,85.71428571,6,4177,10200,19.5
698,5827,-19400,-25227,1,10,1,9,90,10,1,110,20000,144
699,8765,-1141,-9906,1,7,0,7,100,0,0,0,161353,360
700,16198,-288264,-304462,0,6,3,3,50,50,29,6000,4197,172
701,6792,457245,450453,1,9,0,9,100,0,0,0,218848,48
702,7831,-60516,-68347,1,9,1,8,88.88888889,11.11111111,2,3579,164300,120
703,92235,12084,-80151,0,6,3,3,50,50,84,30734,37251,26
704,36166,57675,21509,0,5,2,3,60,40,13,28061,7973,1
705,39627,-9477,-49104,0,9,1,8,88.88888889,11.11111111,13,7851,57000,48
706,6600.666667,-65232,-71832.66667,1,12,2,10,83.33333333,16.66666667,1,940,27000,12
707,3852,189840,185988,1,7,0,7,100,0,0,0,220393,360
708,33765,139477,105712,0,13,9,4,30.76923077,69.23076923,13,17334,21609,18
709,11247,135930,124683,1,10,2,8,80,20,13,10427,26999,12
710,53483,-73000,-126483,0,20,13,7,35,65,20,19970,356413,360
711,38582,3078852,3040270,1,28,0,28,100,0,0,0,56276,60
712,13728,-148776,-162504,0,24,9,15,62.5,37.5,13,1923,40076,19
713,7819,114240,106421,1,34,3,31,91.17647059,8.823529412,14,1966,206572,360
714,596683,617526,20843,0,26,22,4,15.38461538,84.61538462,84,122500,14406,26
715,77764,34477760,34399996,0,32,12,20,62.5,37.5,13,12761,19500,18
716,42650,1827180,1784530,0,15,5,10,66.66666667,33.33333333,48,3866,279000,240
717,14076,-370544,-384620,1,8,0,8,100,0,0,0,172000,18
718,26586,-133068,-159654,1,6,2,4,66.66666667,33.33333333,6,544,200000,8
719,56780,56682528,56625748,1,24,0,24,100,0,0,0,365000,240
720,16084,-3474,-19558,0,1,0,1,100,0,0,0,1200,0
721,53045,4317123,4264078,1,37,0,37,100,0,0,0,600000,60
722,46862,-757008,-803870,1,21,2,19,90.47619048,9.523809524,1,2504,243263,48
723,8504,94830,86326,0,10,0,10,100,0,0,0,206298,360
724,0,4487548,4487548,0,13,3,10,76.92307692,23.07692308,1,574,30000,9
725,8943,6480,-2463,0,5,0,5,100,0,0,0,0,60
726,83250,-943891,-1027141,1,17,1,16,94.11764706,5.882352941,13,29392,383825,72
727,180913,141100,-39813,0,85,21,64,75.29411765,24.70588235,84,39266,45071,24
728,0,111408,111408,1,16,0,16,100,0,0,0,6000,0
729,13452,26652,13200,0,12,4,8,66.66666667,33.33333333,13,11452,11500,18
730,5457,69860,64403,1,4,0,4,100,0,0,0,56628,1
731,2815,-31704,-34519,1,3,0,3,100,0,0,0,282813,360
732,18291,167958,149667,0,31,1,30,96.77419355,3.225806452,57,14697,14697,24
733,9438,2156,-7282,1,7,1,6,85.71428571,14.28571429,1,1296,40000,1
734,60397,12892,-47505,0,4,2,2,50,50,13,46483,11346,35
735,821,-45615,-46436,0,15,8,7,46.66666667,53.33333333,11,5788,30004,25
736,29213,-126632,-155845,1,22,1,21,95.45454545,4.545454545,13,24134,208841,360
737,19752.75,-1190430,-1210182.75,1,45,5,40,88.88888889,11.11111111,13,12201,171372,60
738,635,-47080,-47715,0,4,2,2,50,50,13,20243,88628,360
739,14895,-38010,-52905,0,14,3,11,78.57142857,21.42857143,1,2719,9000,13
740,6135,-211872,-218007,0,12,6,6,50,50,84,631211,213394,12
741,25368,2966922,2941554,0,6,0,6,100,0,0,0,65000,48
743,66524,780,-65744,0,3,3,0,0,100,84,13840,0,20
744,17002,43923,26921,1,3,0,3,100,0,0,0,4500,1
745,0,-1048,-1048,1,1,0,1,100,0,0,0,9000,0
746,12152,27860,15708,0,2,1,1,50,50,71,12152,30000,0
747,0,12793473,12793473,1,7,3,4,57.14285714,42.85714286,13,17207,30100,0
748,3960,53868,49908,1,6,1,5,83.33333333,16.66666667,14,4642,103274,900
749,42254,-329373,-371627,0,9,2,7,77.77777778,22.22222222,13,3183,19719,1
750,242037,-11238696,-11480733,1,42,6,36,85.71428571,14.28571429,13,28412,729847,360
751,23514,-769570,-793084,1,10,0,10,100,0,0,0,348157,48
752,3268,-236898,-240166,1,6,0,6,100,0,0,0,102320,48
753,21155,343359,322204,1,27,9,18,66.66666667,33.33333333,13,9430,358120,48
754,901,-192404,-193305,1,2,0,2,100,0,0,0,177966,360
755,38223,-311168,-349391,0,22,9,13,59.09090909,40.90909091,13,13593,15906,60
756,31335,-462903,-494238,0,21,5,16,76.19047619,23.80952381,2,940,20000,25
757,6101,3236,-2865,0,1,0,1,100,0,0,0,0,0
758,8985,120060,111075,0,9,2,7,77.77777778,22.22222222,6,37879,16100,18
759,260968,-33072,-294040,0,24,16,8,33.33333333,66.66666667,35,59005,13037,19.5
760,70099,-2641579,-2711678,1,17,1,16,94.11764706,5.882352941,4,5443,500000,120
761,15715,398220,382505,0,10,1,9,90,10,13,3720,53000,1
762,0,-17102,-17102,1,2,0,2,100,0,0,0,50000,1
763,14089,-1080460,-1094549,1,10,1,9,90,10,2,2855,1315000,288
764,72415,-6389994,-6462409,1,26,0,26,100,0,0,0,243945,59
765,30970,8352,-22618,0,18,6,12,66.66666667,33.33333333,19,9967,50000,120
766,6113,-104559,-110672,1,7,0,7,100,0,0,0,177710,36
767,29974,-3400020,-3429994,1,30,1,29,96.66666667,3.333333333,6,4354,878773,60
768,0,28455,28455,0,3,0,3,100,0,0,0,100,5
769,41612,614817,573205,1,27,3,24,88.88888889,11.11111111,13,1504,742209,72
770,192456,83096,-109360,0,17,2,15,88.23529412,11.76470588,13,63476,48000,71
771,0,186081,186081,1,7,1,6,85.71428571,14.28571429,9,4224,0,13
772,2219,30216,27997,1,6,1,5,83.33333333,16.66666667,6,1699,244999,360
773,42239,-111510,-153749,1,9,3,6,66.66666667,33.33333333,1,2898,52600,24
774,17857,43908,26051,1,6,0,6,100,0,0,0,20000,0
775,23925,-900450,-924375,0,54,25,29,53.7037037,46.2962963,22,20432,241465,60
776,142765,-129657,-272422,1,11,0,11,100,0,0,0,219300,120
777,908,-31801,-32709,1,7,0,7,100,0,0,0,38300,1
778,28104,68060,39956,0,10,3,7,70,30,13,4972,8000,4
779,81452,-656936,-738388,0,28,13,15,53.57142857,46.42857143,13,11487,212999,360
780,550,-75540,-76090,1,2,0,2,100,0,0,0,1053,0
781,16966,96992,80026,1,16,10,6,37.5,62.5,19,8016,521751,360
782,1030,-30393,-31423,1,3,0,3,100,0,0,0,15200,0
783,179098,208776,29678,0,8,2,6,75,25,44,7723,15764,36
784,17227,31969,14742,0,7,4,3,42.85714286,57.14285714,73,10208,3959,13
785,2266,-16776,-19042,1,36,0,36,100,0,0,0,99000,90
786,48605,-233166016,-233214621,1,34,3,31,91.17647059,8.823529412,13,34262,329520,60
787,60660,-140040,-200700,0,9,4,5,55.55555556,44.44444444,35,21106,200680,360
788,6178,-41928,-48106,1,6,0,6,100,0,0,0,200168,36
789,3241,13056,9815,0,4,2,2,50,50,3,1660,10000,4
790,44246,4923756,4879510,0,36,8,28,77.77777778,22.22222222,84,6252,15074,12
791,16136,236565,220429,1,15,0,15,100,0,0,0,42000,0
792,32122,48656,16534,0,16,13,3,18.75,81.25,2,7378,60000,36
793,1044,671738,670694,1,23,6,17,73.91304348,26.08695652,8,2100,10200,19.5
794,28741,93051,64310,0,7,1,6,85.71428571,14.28571429,13,1315,21609,1
795,26151,83223,57072,0,9,2,7,77.77777778,22.22222222,13,1366,20000,36
796,17985,50100,32115,1,12,0,12,100,0,0,0,399757,360
797,48867,2958606,2909739,1,27,3,24,88.88888889,11.11111111,1,4395,240073,60
798,37081,67851,30770,0,9,5,4,44.44444444,55.55555556,3,1548,7203,1
799,458499,-2353736,-2812235,0,28,5,23,82.14285714,17.85714286,13,222166,1249249,360
800,86804,13455,-73349,0,5,2,3,60,40,13,177588,82367,36
801,7331,-445711,-453042,1,41,2,39,95.12195122,4.87804878,6,90143,228100,90
802,10160,59992,49832,0,4,1,3,75,25,11,5093,9000,12
803,8189,-17556,-25745,1,7,0,7,100,0,0,0,50000,47.5
804,1791,-116144,-117935,1,17,11,6,35.29411765,64.70588235,4,746,172427,360
805,2350,-11052,-13402,1,3,0,3,100,0,0,0,24900,1
806,11448,-58816,-70264,0,8,3,5,62.5,37.5,5,9848,2174,1
807,653,29331,28678,1,9,1,8,88.88888889,11.11111111,13,6593,11478,12
808,3504,-65511,-69015,1,9,0,9,100,0,0,0,24400,84
809,8368,-146091,-154459,1,11,0,11,100,0,0,0,102800,48
810,48115,-77460,-125575,1,15,1,14,93.33333333,6.666666667,1,2638,30898,36
811,224960,-14443,-239403,0,11,7,4,36.36363636,63.63636364,13,6091,500233,360
812,3238,27036,23798,1,9,1,8,88.88888889,11.11111111,4,1631,16038,0
813,646549,24366,-622183,0,6,4,2,33.33333333,66.66666667,13,321976,321976,1
814,11493,-4480,-15973,0,4,0,4,100,0,0,0,20000,0
815,108794,-623064,-731858,0,24,7,17,70.83333333,29.16666667,13,18263,260000,72
816,20237,-1590699,-1610936,1,19,0,19,100,0,0,0,876809,120
817,56545,-178118,-234663,1,29,0,29,100,0,0,0,151945,59.5
818,29832,24234,-5598,0,42,25,17,40.47619048,59.52380952,84,12870,7203,25
819,72451,-7356,-79807,0,12,6,6,50,50,13,12588,52200,120
820,16045,155424,139379,1,32,1,31,96.875,3.125,13,52,224258,60
821,6505,2353968,2347463,1,4,0,4,100,0,0,0,0,60
822,66,13617,13551,1,3,0,3,100,0,0,0,10000,4
823,25110,-270675,-295785,0,45,16,29,64.44444444,35.55555556,16,6635,15000,54
824,61505,926128,864623,1,14,4,10,71.42857143,28.57142857,6,43611,1663253,240
825,15129,-206312,-221441,1,17,0,17,100,0,0,0,153480,48
826,72976,-8020,-80996,0,10,2,8,80,20,8,70247,15000,24
827,14504,213975,199471,1,25,3,22,88,12,5,1200,78500,300
828,63595,-742000,-805595,1,16,0,16,100,0,0,0,250000,240
829,2234,-185119,-187353,1,11,0,11,100,0,0,0,11000,30
830,210,5325678,5325468,1,18,2,16,88.88888889,11.11111111,2,2541,50000,1000
831,0,350,350,1,1,0,1,100,0,0,0,872,0
832,22780,-5632560,-5655340,1,45,10,35,77.77777778,22.22222222,6,2200,700000,72
833,20331,-1878156,-1898487,1,12,1,11,91.66666667,8.333333333,1,1142,123843,240
834,17323,-5299,-22622,1,7,1,6,85.71428571,14.28571429,65,90827,103657,36
835,19120,-67677,-86797,0,17,3,14,82.35294118,17.64705882,13,26422,359998,360
836,3382,-12664,-16046,0,4,0,4,100,0,0,0,20000,0
837,27521,-358796,-386317,0,19,6,13,68.42105263,31.57894737,13,19065,27900,36
838,1806,90105,88299,1,5,3,2,40,60,1,2898,415692,1000
839,2814,416,-2398,1,8,0,8,100,0,0,0,42900,59
840,31177,1966713,1935536,1,17,2,15,88.23529412,11.76470588,2,2550,23000,2
841,36754,-4870,-41624,0,5,1,4,80,20,84,18174,5000,1
842,3418,83856,80438,0,4,3,1,25,75,7,2696,2000,12.5
843,29459,27320,-2139,0,20,6,14,70,30,13,7927,11046,18
844,12950,173428,160478,0,4,1,3,75,25,5,7925,10000,1
845,0,346970,346970,1,1,1,0,0,100,1,56,1000,0
846,16954,-867738,-884692,0,29,11,18,62.06896552,37.93103448,13,8780,40076,12
847,0,179046,179046,1,7,2,5,71.42857143,28.57142857,4,584,15000,24
848,14595.5,-224464,-239059.5,0,4,1,3,75,25,13,14402,14402,0
849,16347,-660352,-676699,1,22,8,14,63.63636364,36.36363636,6,771,434515,900
850,16438,-98586,-115024,0,6,3,3,50,50,6,11300,14462,24
851,33060,-70196,-103256,0,28,2,26,92.85714286,7.142857143,1,6236,4000,24
852,3594,-29359,-32953,1,11,3,8,72.72727273,27.27272727,21,2064,61392,72
853,18993,2245012,2226019,1,44,6,38,86.36363636,13.63636364,19,8991,120000,95
854,1384,-24434,-25818,1,2,1,1,50,50,1,1,2200,12
855,0,5855224,5855224,1,4,1,3,75,25,5,2913,12000,12
856,18327,-186032,-204359,1,7,1,6,85.71428571,14.28571429,13,3554,261111,360
857,2492,-32340,-34832,1,12,0,12,100,0,0,0,30000,7
858,14581,43274,28693,1,11,0,11,100,0,0,0,72000,240
859,32034,-107330460,-107362494,1,20,0,20,100,0,0,0,297100,144
860,46286,-21726,-68012,0,3,2,1,33.33333333,66.66666667,13,33281,33281,1
861,15428,-4989670,-5005098,1,14,0,14,100,0,0,0,3269355,1000
862,3437,-50925,-54362,1,5,0,5,100,0,0,0,81856,240
863,37930,76014,38084,0,6,1,5,83.33333333,16.66666667,13,27473,1000,1
864,39463,2849,-36614,0,7,3,4,57.14285714,42.85714286,13,3704,14406,12
865,0,-260529,-260529,1,1,1,0,0,100,2,738,7800,0
866,162010,18630,-143380,0,23,14,9,39.13043478,60.86956522,84,36879,10441,47.5
867,14584,-302813,-317397,0,7,2,5,71.42857143,28.57142857,13,13804,120083,360
868,8451,1975090,1966639,1,26,0,26,100,0,0,0,423973,360
869,226287,332291,106004,1,19,1,18,94.73684211,5.263157895,2,7448,300704,360
870,39730,-27118,-66848,1,14,2,12,85.71428571,14.28571429,16,8893,336749,360
871,17205,-88995,-106200,1,17,3,14,82.35294118,17.64705882,13,1823,40428,36
872,75824,-449360,-525184,1,20,1,19,95,5,1,1250,629800,72
873,17367,90768,73401,0,4,2,2,50,50,13,144179,253227,360
874,51288.5,47941404,47890115.5,1,49,22,27,55.10204082,44.89795918,6,8996,500000,120
875,1922,-1066230,-1068152,1,11,1,10,90.90909091,9.090909091,1,349,251933,48
876,588457,-227076,-815533,0,12,4,8,66.66666667,33.33333333,84,221536,412000,360
877,13459,-143352,-156811,0,8,0,8,100,0,0,0,165600,60
878,86510,532992,446482,1,8,0,8,100,0,0,0,166352,300
879,5198,5402229,5397031,0,7,6,1,14.28571429,85.71428571,13,2200,105600,48
880,20945,-598104,-619049,1,18,1,17,94.44444444,5.555555556,1,88,20000,241
881,0,10388,10388,1,14,0,14,100,0,0,0,245568,36
882,3391,-47900,-51291,1,5,0,5,100,0,0,0,34000,0
883,11247,-1300,-12547,0,2,2,0,0,100,13,6662,17217,12
884,30162,211632,181470,0,12,5,7,58.33333333,41.66666667,13,9609,1197,24
885,60125,-3042,-63167,0,6,3,3,50,50,18,57487,185664,360
886,0,-2490,-2490,1,3,1,2,66.66666667,33.33333333,1,1589,10500,11
887,21711,506110,484399,0,11,2,9,81.81818182,18.18181818,3,5624,30000,24
888,14064,-218076,-232140,1,6,2,4,66.66666667,33.33333333,11,2516,41913,36
889,79140,229419,150279,1,9,0,9,100,0,0,0,36028,36
890,34376,1510528,1476152,1,32,18,14,43.75,56.25,13,19245,132000,45
891,0,-16884,-16884,0,1,0,1,100,0,0,0,11964,0
892,13851,2204937,2191086,0,21,4,17,80.95238095,19.04761905,2,6151,1000,8.25
893,0,118884,118884,1,6,0,6,100,0,0,0,8600,0
894,57164,123040,65876,0,16,2,14,87.5,12.5,2,6730,20884,90
895,3942,-10032,-13974,0,4,0,4,100,0,0,0,900,0
896,48495,1641580,1593085,0,20,10,10,50,50,13,11496,182600,17.5
897,5840,-1196,-7036,0,4,2,2,50,50,13,1361,295315,360
898,13236,-45384,-58620,0,3,2,1,33.33333333,66.66666667,13,4652,199145,60
899,65279,-22452768,-22518047,1,32,1,31,96.875,3.125,1,1077,300000,80
900,71591,10836868,10765277,1,28,1,27,96.42857143,3.571428571,2,3589,525516,360
901,270,377970,377700,1,6,1,5,83.33333333,16.66666667,2,40,20000,36
902,12255,-34371,-46626,1,9,0,9,100,0,0,0,122465,900
903,13603,42828,29225,1,43,9,34,79.06976744,20.93023256,13,4158,36864,90
904,33868.5,29316,-4552.5,0,7,5,2,28.57142857,71.42857143,13,17721,17721,1
905,50468,-51331,-101799,1,7,1,6,85.71428571,14.28571429,13,43078,43078,72
906,11589,-211731,-223320,1,13,3,10,76.92307692,23.07692308,13,3521,167923,360
907,15014,-1762512,-1777526,1,24,0,24,100,0,0,0,95669,60
908,7544,4648,-2896,0,14,0,14,100,0,0,0,52000,120
909,50697,-1388058,-1438755,1,14,6,8,57.14285714,42.85714286,55,16368,1000000,360
910,41957,19104,-22853,0,16,4,12,75,25,13,7522,20000,12
911,30140,-258168,-288308,0,8,1,7,87.5,12.5,2,8027,9200,60
912,119625,287350,167725,1,14,4,10,71.42857143,28.57142857,5,4475,75000,59.5
913,3456,-3573,-7029,1,9,0,9,100,0,0,0,223474,360
914,45496,12461184,12415688,0,18,1,17,94.44444444,5.555555556,13,19815,5739,12
915,7320,63198,55878,0,18,9,9,50,50,7,3574,25013,20.5
916,150593,4675349,4524756,0,19,2,17,89.47368421,10.52631579,6,2996,213082,60
917,26851,-61400,-88251,1,25,0,25,100,0,0,0,92100,59.5
918,19941,486794,466853,1,29,0,29,100,0,0,0,74584,59.5
919,13592,4150552,4136960,1,56,2,54,96.42857143,3.571428571,1,1564,400000,360
920,441298,-297304,-738602,1,28,1,27,96.42857143,3.571428571,1,247,350000,48
921,8975,12012,3037,1,14,3,11,78.57142857,21.42857143,6,1413,75500,36
922,14385,8785,-5600,1,7,0,7,100,0,0,0,202167,360
923,1116,1176624,1175508,0,3,3,0,0,100,1,1250,18257,1
924,18498,1187098,1168600,1,11,0,11,100,0,0,0,50200,1
925,95118.5,3118632,3023513.5,0,24,7,17,70.83333333,29.16666667,84,25355,36000,36
926,4893,4300,-593,0,4,0,4,100,0,0,0,6000,0
927,50968,-135936,-186904,0,6,4,2,33.33333333,66.66666667,13,25304,25304,0.5
928,3628,-32320,-35948,1,8,0,8,100,0,0,0,24500,24
929,5821,-655392,-661213,1,16,0,16,100,0,0,0,208778,36
930,806,1258,452,1,2,0,2,100,0,0,0,10000,900
931,8887,-30924,-39811,0,6,1,5,83.33333333,16.66666667,42,6996,12099,0
932,13005,15102,2097,1,9,0,9,100,0,0,0,110000,0
933,20838,-15976,-36814,0,4,0,4,100,0,0,0,304738,360
934,13673,911823,898150,1,11,1,10,90.90909091,9.090909091,1,1550,78751,1000
935,26134,-115662,-141796,1,6,1,5,83.33333333,16.66666667,1,1111,11100,48
936,2696,95850,93154,1,10,2,8,80,20,3,1316,101806,1000
937,4128,-181,-4309,0,1,1,0,0,100,73,4128,4128,0
938,18517,-3991083,-4009600,1,19,0,19,100,0,0,0,240177,90
939,30403,6975558,6945155,1,18,1,17,94.44444444,5.555555556,13,3155,2400000,138
940,24453,-929133,-953586,1,9,0,9,100,0,0,0,195300,9.5
941,24622,497016,472394,1,12,2,10,83.33333333,16.66666667,13,9926,129216,21.5
942,36437,-181976,-218413,1,92,22,70,76.08695652,23.91304348,12,2006,50000,39
943,7252,-22025,-29277,1,5,1,4,80,20,1,2268,15000,19.5
944,149893,238710,88817,0,30,0,30,100,0,0,0,514000,360
945,5896,21985,16089,0,5,2,3,60,40,2,608,7000,18
946,0,1106,1106,1,2,0,2,100,0,0,0,0,1
947,709,-2432,-3141,1,8,1,7,87.5,12.5,1,844,155461,360
948,11018,-121335,-132353,1,15,0,15,100,0,0,0,66220,360
949,49445,931776,882331,1,24,0,24,100,0,0,0,176571,60
950,33947,-19320,-53267,0,23,3,20,86.95652174,13.04347826,7,838,301777,360
951,17484,-196248,-213732,0,34,12,22,64.70588235,35.29411765,5,5177,47400,35
952,24234,-38134,-62368,1,23,2,21,91.30434783,8.695652174,13,1720,416756,96
953,20228,-7924,-28152,0,28,2,26,92.85714286,7.142857143,1,22596,63000,2
954,13568,881520,867952,0,8,4,4,50,50,8,127367,321573,360
955,20446,-7063,-27509,0,7,0,7,100,0,0,0,234893,360
956,6925,-329098,-336023,0,14,2,12,85.71428571,14.28571429,13,2388,54100,12
957,7882,-77144,-85026,1,8,0,8,100,0,0,0,103000,240
958,58555,-14335,-72890,1,5,0,5,100,0,0,0,166407,48
959,288146,-878176,-1166322,1,32,2,30,93.75,6.25,3,13810,345855,72
960,16629,-24063,-40692,0,3,1,2,66.66666667,33.33333333,1,298,10200,12
961,12852,3234030,3221178,0,23,4,19,82.60869565,17.39130435,13,8133,135080,36
962,9833,942984,933151,0,24,8,16,66.66666667,33.33333333,13,2670,16566,360
963,4040,16038,11998,1,6,0,6,100,0,0,0,68900,120
964,5246,-421162,-426408,1,14,3,11,78.57142857,21.42857143,13,16205,60000,72
965,37363,-20256,-57619,0,16,6,10,62.5,37.5,13,14279,288431,360
966,400,40440,40040,1,5,0,5,100,0,0,0,34788,12
967,13147,480766,467619,1,22,6,16,72.72727273,27.27272727,5,952,159636,48
968,16264,123730,107466,1,10,0,10,100,0,0,0,1423372,360
969,105959,-405951,-511910,0,39,6,33,84.61538462,15.38461538,84,33134,30950,90
970,36095,640,-35455,0,10,1,9,90,10,13,34500,200000,48
971,7579,-5208,-12787,0,6,0,6,100,0,0,0,3000,12
972,32965,-1174320,-1207285,0,24,8,16,66.66666667,33.33333333,13,19655,21960,312
973,0,50056,50056,1,8,1,7,87.5,12.5,1,256,50000,12
974,64444,129255,64811,0,15,6,9,60,40,27,32910,10602,36
975,61002,-889502,-950504,1,61,8,53,86.8852459,13.1147541,25,12616,50000,900
976,4232,-628630,-632862,1,37,3,34,91.89189189,8.108108108,3,820,49500,36
977,8703,71280,62577,1,22,0,22,100,0,0,0,150000,144
978,42132,23645,-18487,1,5,2,3,60,40,1,5275,60000,72
979,499837,643684,143847,0,31,8,23,74.19354839,25.80645161,4,1449,12100,20
980,101430,589488,488058,0,16,3,13,81.25,18.75,13,62596,62596,60
981,3865,-150264,-154129,0,4,0,4,100,0,0,0,1,1
982,57128,-120205,-177333,0,5,0,5,100,0,0,0,225890,360
983,9611,117130,107519,0,13,6,7,53.84615385,46.15384615,1,1887,10165,96
984,8340,51134,42794,1,2,0,2,100,0,0,0,0,16.25
985,8553,120288,111735,1,12,0,12,100,0,0,0,47900,120
986,1798,-9456,-11254,1,2,0,2,100,0,0,0,0,1
987,11105,-15733725,-15744830,1,21,0,21,100,0,0,0,398500,119
988,38742,-21168,-59910,0,18,6,12,66.66666667,33.33333333,84,95147,83777,360
989,21905,121905,100000,1,15,3,12,80,20,1,12618,70000,24
990,7013,9287667,9280654,1,9,0,9,100,0,0,0,15000,60
991,16062,346944,330882,1,12,2,10,83.33333333,16.66666667,1,4698,173177,360
992,3679,175712,172033,1,32,5,27,84.375,15.625,3,431,20000,32
993,10374,48051,37677,0,9,1,8,88.88888889,11.11111111,4,2431,50000,36
994,89845,-43488,-133333,1,3,0,3,100,0,0,0,100000,52
995,38341,-264078,-302419,0,18,2,16,88.88888889,11.11111111,2,2300,27000,26
996,28733,-922780,-951513,1,43,20,23,53.48837209,46.51162791,6,6174,72500,60
997,30370,-762090,-792460,1,30,9,21,70,30,4,4317,150000,36
998,121565,1894284,1772719,1,21,1,20,95.23809524,4.761904762,5,16658,127138,240
999,8231,-345728,-353959,1,8,1,7,87.5,12.5,13,5604,165602,360
